21955A6602,07-59-46
21955A6602,07-59-46
21955A6602,07-59-46
21955A6602,07-59-46
21955A6602,07-59-46
21955A6602,07-59-46
21955A6602,07-59-46
21955A6602,07-59-46
21955A6602,07-59-46
21955A6602,07-59-46
21955A6602,07-59-46
21955A6602,07-59-46
21955A6602,07-59-46
21955A6602,07-59-46
21955A6602,07-59-46
21955A6602,07-59-46
21955A6602,07-59-46
21955A6602,07-59-46
21955A6602,07-59-46
21955A6602,07-59-46
21955A6602,07-59-46
21955A6602,07-59-46
21955A6602,07-59-46
21955A6602,07-59-46
21955A6602,07-59-46
21955A6602,07-59-46
21955A6602,07-59-46
21955A6602,07-59-46
21955A6604,07-59-46
21955A6602,07-59-46
21955A6602,07-59-46
21955A6602,07-59-46
21955A6602,07-59-46
21955A6602,07-59-46
21955A6602,07-59-46
21955A6604,07-59-46
21955A6602,07-59-46
20951A6643,07-59-46
20951A6613,07-59-46
21955A6604,07-59-46
21955A6602,07-59-46
21955A6602,07-59-46
21955A6602,07-59-46
20951A6643,07-59-46
20951A6643,07-59-46
21955A6602,07-59-46
21955A6602,07-59-46
21955A6602,07-59-46
21955A6602,07-59-46
21955A6602,07-59-46
20951A6643,07-59-46
21955A6602,07-59-46
21955A6602,07-59-46
21955A6602,07-59-46
21955A6602,07-59-46
21955A6602,07-59-46
21955A6602,07-59-46
21955A6602,07-59-46
21955A6602,07-59-46
21955A6604,07-59-46
21955A6602,07-59-46
21955A6602,07-59-46
21955A6602,07-59-46
21955A6604,07-59-46
21955A6602,07-59-46
21955A6602,07-59-46
21955A6602,07-59-46
21955A6602,07-59-46
21955A6602,07-59-46
21955A6602,07-59-46
21955A6602,07-59-46
21955A6602,07-59-46
21955A6602,07-59-46
21955A6602,07-59-46
21955A6602,07-59-46
21955A6602,07-59-46
21955A6602,07-59-46
21955A6602,07-59-46
21955A6602,07-59-46
21955A6602,07-59-46
21955A6602,07-59-46
21955A6602,07-59-46
21955A6602,07-59-46
21955A6602,07-59-46
21955A6602,07-59-46
21955A6602,07-59-46
21955A6602,07-59-46
21955A6602,07-59-46
21955A6602,07-59-46
21955A6602,07-59-46
21955A6602,07-59-46
21955A6602,07-59-46
21955A6602,07-59-46
21955A6602,07-59-46
21955A6602,07-59-46
21955A6602,07-59-46
21955A6602,07-59-46
21955A6602,07-59-46
21955A6602,07-59-46
21955A6602,07-59-46
21955A6602,07-59-46
21955A6602,07-59-46
21955A6602,07-59-46
21955A6602,07-59-46
21955A6602,07-59-46
21955A6602,07-59-46
21955A6602,07-59-46
21955A6602,07-59-46
21955A6602,07-59-46
21955A6602,07-59-46
21955A6602,07-59-46
21955A6602,07-59-46
21955A6602,07-59-46
21955A6602,07-59-46
21955A6602,07-59-46
21955A6602,07-59-46
21955A6602,07-59-46
21955A6602,07-59-46
21955A6602,07-59-46
21955A6602,07-59-46
20951A6613,07-59-46
21955A6602,07-59-46
20951A6613,07-59-46
20951A6613,07-59-46
20951A6613,07-59-46
20951A6613,07-59-46
20951A6643,07-59-46
21955A6602,07-59-46
20951A6643,07-59-46
21955A6602,07-59-46
20951A6643,07-59-46
21955A6602,07-59-46
21955A6602,07-59-46
20951A6613,07-59-46
21955A6602,07-59-46
20951A6613,07-59-46
21955A6602,07-59-46
20951A6613,07-59-46
20951A6613,07-59-46
21955A6602,07-59-46
21955A6602,07-59-46
21955A6602,07-59-46
21955A6602,07-59-46
21955A6602,07-59-46
21955A6602,07-59-46
21955A6602,07-59-46
21955A6602,07-59-46
21955A6602,07-59-46
21955A6602,07-59-46
21955A6602,07-59-46
21955A6602,07-59-46
21955A6602,07-59-46
21955A6602,07-59-46
21955A6602,07-59-46
21955A6602,07-59-46
21955A6602,07-59-46
21955A6602,07-59-46
21955A6602,07-59-46
21955A6602,07-59-46
21955A6602,07-59-46
21955A6602,07-59-46
21955A6602,07-59-46
21955A6602,07-59-46
21955A6602,07-59-46
21955A6602,07-59-46
21955A6602,07-59-46
21955A6602,07-59-46
21955A6602,07-59-46
21955A6602,07-59-46
21955A6602,07-59-46
21955A6602,07-59-46
21955A6602,07-59-46
21955A6602,07-59-46
21955A6602,07-59-46
21955A6602,07-59-46
21955A6602,07-59-46
21955A6602,07-59-46
21955A6602,07-59-46
21955A6602,07-59-46
20951A6655,07-59-46
20951A6655,07-59-46
20951A6655,07-59-46
20951A6655,07-59-46
21955A6602,07-59-46
20951A6655,07-59-46
21955A6602,07-59-46
21955A6602,07-59-46
21955A6602,07-59-46
21955A6602,07-59-46
21955A6602,07-59-46
21955A6602,07-59-46
21955A6602,07-59-46
21955A6602,07-59-46
21955A6602,07-59-46
21955A6602,07-59-46
20951A6655,07-59-46
20951A6655,07-59-46
20951A6655,07-59-46
20951A6655,07-59-46
20951A6655,07-59-46
20951A6655,07-59-46
20951A6655,07-59-46
20951A6655,07-59-46
20951A6655,07-59-46
21955A6602,07-59-46
21955A6602,07-59-46
21955A6602,07-59-46
20951A6655,07-59-46
20951A6655,07-59-46
21955A6602,07-59-46
20951A6655,07-59-46
20951A6655,07-59-46
20951A6655,07-59-46
20951A6655,07-59-46
20951A6655,07-59-46
20951A6655,07-59-46
20951A6655,07-59-46
20951A6655,07-59-46
20951A6655,07-59-46
20951A6655,07-59-46
20951A6655,07-59-46
20951A6655,07-59-46
20951A6655,07-59-46
20951A6655,07-59-46
20951A6655,07-59-46
20951A6655,07-59-46
20951A6655,07-59-46
20951A6655,07-59-46
20951A6655,07-59-46
20951A6655,07-59-46
20951A6655,07-59-46
20951A6655,07-59-46
20951A6655,07-59-46
20951A6655,07-59-46
20951A6655,07-59-46
20951A6655,07-59-46
20951A6655,07-59-46
20951A6655,07-59-46
20951A6655,07-59-46
20951A6655,07-59-46
20951A6655,07-59-46
20951A6655,07-59-46
20951A6655,07-59-46
20951A6655,07-59-46
20951A6655,07-59-46
20951A6655,07-59-46
20951A6655,07-59-46
20951A6655,07-59-46
20951A6655,07-59-46
20951A6655,07-59-46
20951A6655,07-59-46
20951A6655,07-59-46
20951A6655,07-59-46
20951A6655,07-59-46
20951A6655,07-59-46
20951A6655,07-59-46
20951A6655,07-59-46
20951A6655,07-59-46
20951A6655,07-59-46
20951A6655,07-59-46
20951A6655,07-59-46
20951A6655,07-59-46
20951A6655,07-59-46
20951A6655,07-59-46
20951A6655,07-59-46
20951A6655,07-59-46
20951A6655,07-59-46
20951A6655,07-59-46
20951A6655,07-59-46
20951A6655,07-59-46
20951A6655,07-59-46
20951A6655,07-59-46
20951A6655,07-59-46
21955A6602,07-59-46
21955A6602,07-59-46
20951A6655,07-59-46
20951A6655,07-59-46
20951A6655,07-59-46
20951A6655,07-59-46
20951A6655,07-59-46
21955A6602,07-59-46
20951A6655,07-59-46
20951A6655,07-59-46
20951A6655,07-59-46
20951A6655,07-59-46
20951A6655,07-59-46
20951A6655,07-59-46
20951A6655,07-59-46
20951A6655,07-59-46
20951A6655,07-59-46
20951A6655,07-59-46
20951A6655,07-59-46
21955A6602,07-59-46
21955A6602,07-59-46
21955A6602,07-59-46
21955A6602,07-59-46
21955A6602,07-59-46
20951A6655,07-59-46
20951A6655,07-59-46
20951A6655,07-59-46
20951A6655,07-59-46
20951A6655,07-59-46
20951A6655,07-59-46
20951A6655,07-59-46
20951A6655,07-59-46
20951A6655,07-59-46
20951A6655,07-59-46
20951A6655,07-59-46
20951A6655,07-59-46
20951A6651,07-59-46
20951A6655,07-59-46
20951A6651,07-59-46
20951A6651,07-59-46
20951A6651,07-59-46
20951A6651,07-59-46
20951A6651,07-59-46
20951A6651,07-59-46
20951A6655,07-59-46
20951A6651,07-59-46
20951A6651,07-59-46
21955A6602,07-59-46
21955A6602,07-59-46
21955A6602,07-59-46
21955A6602,07-59-46
21955A6602,07-59-46
21955A6602,07-59-46
20951A6651,07-59-46
20951A6655,07-59-46
20951A6651,07-59-46
21955A6604,07-59-46
20951A6651,07-59-46
20951A6651,07-59-46
21955A6602,07-59-46
20951A6655,07-59-46
20951A6655,07-59-46
20951A6655,07-59-46
20951A6655,07-59-46
20951A6655,07-59-46
20951A6655,07-59-46
20951A6655,07-59-46
21955A6601,07-59-46
20951A6655,07-59-46
20951A6655,07-59-46
20951A6655,07-59-46
20951A6655,07-59-46
20951A6655,07-59-46
20951A6655,07-59-46
20951A6655,07-59-46
20951A6655,07-59-46
20951A6655,07-59-46
20951A6655,07-59-46
20951A6655,07-59-46
20951A6655,07-59-46
20951A6655,07-59-46
20951A6655,07-59-46
21955A6602,07-59-46
21955A6602,07-59-46
21955A6602,07-59-46
21955A6602,07-59-46
21955A6602,07-59-46
21955A6602,07-59-46
21955A6602,07-59-46
21955A6602,07-59-46
21955A6602,07-59-46
20951A6655,07-59-46
21955A6602,07-59-46
21955A6602,07-59-46
21955A6602,07-59-46
21955A6602,07-59-46
21955A6602,07-59-46
21955A6602,07-59-46
21955A6602,07-59-46
21955A6602,07-59-46
21955A6602,07-59-46
21955A6602,07-59-46
20951A6637,07-59-46
20951A6637,07-59-46
21955A6602,07-59-46
20951A6637,07-59-46
21955A6602,07-59-46
21955A6602,07-59-46
21955A6602,07-59-46
21955A6602,07-59-46
21955A6602,07-59-46
21955A6602,07-59-46
21955A6602,07-59-46
21955A6602,07-59-46
21955A6602,07-59-46
20951A6655,07-59-46
21955A6602,07-59-46
20951A6655,07-59-46
20951A6655,07-59-46
20951A6655,07-59-46
21955A6602,07-59-46
21955A6602,07-59-46
21955A6602,07-59-46
21955A6602,07-59-46
21955A6602,07-59-46
21955A6602,07-59-46
21955A6602,07-59-46
21955A6602,07-59-46
21955A6602,07-59-46
21955A6602,07-59-46
21955A6602,07-59-46
21955A6602,07-59-46
21955A6602,07-59-46
20951A6655,07-59-46
20951A6655,07-59-46
20951A6655,07-59-46
20951A6655,07-59-46
21955A6602,07-59-46
21955A6602,07-59-46
20951A6655,07-59-46
21955A6602,07-59-46
20951A6655,07-59-46
21955A6602,07-59-46
21955A6602,07-59-46
20951A6657,07-59-46
20951A6657,07-59-46
20951A6657,07-59-46
20951A6657,07-59-46
20951A6657,07-59-46
21955A6602,07-59-46
21955A6602,07-59-46
21955A6602,07-59-46
21955A6602,07-59-46
21955A6602,07-59-46
21955A6602,07-59-46
21955A6602,07-59-46
21955A6602,07-59-46
21955A6602,07-59-46
21955A6602,07-59-46
21955A6602,07-59-46
21955A6602,07-59-46
21955A6602,07-59-46
21955A6602,07-59-46
21955A6602,07-59-46
21955A6602,07-59-46
21955A6602,07-59-46
21955A6602,07-59-46
21955A6602,07-59-46
21955A6602,07-59-46
21955A6602,07-59-46
21955A6602,07-59-46
21955A6602,07-59-46
21955A6602,07-59-46
21955A6602,07-59-46
21955A6602,07-59-46
21955A6602,07-59-46
21955A6602,07-59-46
21955A6602,07-59-46
21955A6602,07-59-46
21955A6602,07-59-46
21955A6602,07-59-46
21955A6602,07-59-46
21955A6602,07-59-46
21955A6602,07-59-46
21955A6602,07-59-46
21955A6602,07-59-46
21955A6602,07-59-46
21955A6602,07-59-46
21955A6602,07-59-46
21955A6602,07-59-46
21955A6602,07-59-46
21955A6602,07-59-46
21955A6602,07-59-46
21955A6602,07-59-46
21955A6602,07-59-46
21955A6602,07-59-46
21955A6602,07-59-46
21955A6602,07-59-46
21955A6604,07-59-46
21955A6604,07-59-46
21955A6602,07-59-46
21955A6602,07-59-46
21955A6602,07-59-46
21955A6602,07-59-46
21955A6602,07-59-46
21955A6602,07-59-46
21955A6602,07-59-46
21955A6602,07-59-46
21955A6602,07-59-46
21955A6602,07-59-46
21955A6602,07-59-46
21955A6602,07-59-46
21955A6602,07-59-46
21955A6602,07-59-46
21955A6602,07-59-46
21955A6602,07-59-46
21955A6602,07-59-46
21955A6602,07-59-46
21955A6602,07-59-46
21955A6602,07-59-46
21955A6602,07-59-46
21955A6602,07-59-46
21955A6602,07-59-46
21955A6602,07-59-46
21955A6602,07-59-46
21955A6602,07-59-46
21955A6602,07-59-46
21955A6602,07-59-46
21955A6602,07-59-46
21955A6602,07-59-46
21955A6602,07-59-46
21955A6602,07-59-46
21955A6602,07-59-46
21955A6602,07-59-46
21955A6602,07-59-46
21955A6602,07-59-46
21955A6602,07-59-46
21955A6602,07-59-46
21955A6602,07-59-46
21955A6602,07-59-46
21955A6602,07-59-46
21955A6602,07-59-46
21955A6602,07-59-46
21955A6602,07-59-46
21955A6602,07-59-46
21955A6602,07-59-46
21955A6602,07-59-46
21955A6602,07-59-46
21955A6602,07-59-46
21955A6602,07-59-46
21955A6602,07-59-46
21955A6602,07-59-46
21955A6602,07-59-46
21955A6602,07-59-46
21955A6602,07-59-46
21955A6602,07-59-46
21955A6602,07-59-46
21955A6602,07-59-46
21955A6602,07-59-46
21955A6602,07-59-46
21955A6602,07-59-46
21955A6602,07-59-46
21955A6602,07-59-46
21955A6602,07-59-46
21955A6602,07-59-46
21955A6602,07-59-46
21955A6602,07-59-46
20951A6637,07-59-46
21955A6602,07-59-46
21955A6602,07-59-46
21955A6602,07-59-46
20951A6637,07-59-46
21955A6602,07-59-46
21955A6602,07-59-46
20951A6655,07-59-46
21955A6602,07-59-46
21955A6602,07-59-46
20951A6657,07-59-46
20951A6657,07-59-46
20951A6655,07-59-46
21955A6602,07-59-46
20951A6655,07-59-46
20951A6655,07-59-46
20951A6655,07-59-46
21955A6602,07-59-46
21955A6602,07-59-46
21955A6602,07-59-46
21955A6602,07-59-46
21955A6602,07-59-46
21955A6602,07-59-46
21955A6602,07-59-46
21955A6602,07-59-46
21955A6602,07-59-46
21955A6602,07-59-46
21955A6602,07-59-46
21955A6602,07-59-46
21955A6602,07-59-46
21955A6602,07-59-46
21955A6602,07-59-46
21955A6602,07-59-46
21955A6602,07-59-46
21955A6602,07-59-46
21955A6602,07-59-46
21955A6602,07-59-46
21955A6602,07-59-46
21955A6602,07-59-46
21955A6602,07-59-46
21955A6602,07-59-46
21955A6602,07-59-46
21955A6602,07-59-46
21955A6602,07-59-46
21955A6602,07-59-46
21955A6602,07-59-46
21955A6602,07-59-46
21955A6602,07-59-46
21955A6602,07-59-46
21955A6602,07-59-46
21955A6602,07-59-46
21955A6602,07-59-46
21955A6602,07-59-46
21955A6602,07-59-46
21955A6602,07-59-46
21955A6602,07-59-46
21955A6602,07-59-46
21955A6602,07-59-46
21955A6602,07-59-46
21955A6602,07-59-46
21955A6602,07-59-46
21955A6602,07-59-46
20951A6651,07-59-46
20951A6655,07-59-46
20951A6651,07-59-46
21955A6602,07-59-46
21955A6602,07-59-46
21955A6602,07-59-46
21955A6602,07-59-46
21955A6602,07-59-46
21955A6602,07-59-46
21955A6602,07-59-46
21955A6602,07-59-46
21955A6602,07-59-46
21955A6602,07-59-46
21955A6602,07-59-46
21955A6602,07-59-46
21955A6602,07-59-46
21955A6602,07-59-46
21955A6602,07-59-46
21955A6602,07-59-46
21955A6602,07-59-46
21955A6602,07-59-46
21955A6602,07-59-46
21955A6602,07-59-46
21955A6602,07-59-46
21955A6602,07-59-46
21955A6602,07-59-46
21955A6602,07-59-46
21955A6602,07-59-46
21955A6604,07-59-46
21955A6604,07-59-46
21955A6604,07-59-46
20951A6643,07-59-46
21955A6602,07-59-46
21955A6602,07-59-46
21955A6602,07-59-46
21955A6602,07-59-46
21955A6602,07-59-46
21955A6602,07-59-46
21955A6602,07-59-46
21955A6602,07-59-46
21955A6602,07-59-46
21955A6602,07-59-46
21955A6602,07-59-46
21955A6602,07-59-46
21955A6602,07-59-46
21955A6602,07-59-46
21955A6602,07-59-46
21955A6602,07-59-46
21955A6602,07-59-46
21955A6602,07-59-46
21955A6602,07-59-46
20951A6643,07-59-46
21955A6606,07-59-46
21955A6602,07-59-46
20951A6637,07-59-46
21955A6606,07-59-46
21955A6602,07-59-46
21955A6602,07-59-46
21955A6602,07-59-46
21955A6602,07-59-46
21955A6602,07-59-46
21955A6602,07-59-46
21955A6602,07-59-46
21955A6602,07-59-46
21955A6602,07-59-46
21955A6602,07-59-46
21955A6602,07-59-46
21955A6604,07-59-46
21955A6602,07-59-46
21955A6602,07-59-46
21955A6602,07-59-46
21955A6602,07-59-46
21955A6602,07-59-46
21955A6602,07-59-46
21955A6602,07-59-46
21955A6604,07-59-46
21955A6602,07-59-46
21955A6602,07-59-46
21955A6602,07-59-46
21955A6602,07-59-46
21955A6602,07-59-46
21955A6602,07-59-46
21955A6602,07-59-46
21955A6602,07-59-46
20951A6637,07-59-46
21955A6602,07-59-46
20951A6637,07-59-46
20951A6637,07-59-46
21955A6602,07-59-46
20951A6637,07-59-46
20951A6637,07-59-46
21955A6602,07-59-46
21955A6602,07-59-46
21955A6602,07-59-46
21955A6602,07-59-46
21955A6602,07-59-46
21955A6602,07-59-46
21955A6602,07-59-46
21955A6602,07-59-46
21955A6602,07-59-46
21955A6602,07-59-46
21955A6602,07-59-46
21955A6602,07-59-46
21955A6602,07-59-46
21955A6602,07-59-46
21955A6602,07-59-46
21955A6602,07-59-46
21955A6602,07-59-46
21955A6602,07-59-46
21955A6602,07-59-46
21955A6602,07-59-46
21955A6602,07-59-46
21955A6602,07-59-46
21955A6602,07-59-46
21955A6602,07-59-46
21955A6602,07-59-46
21955A6602,07-59-46
21955A6602,07-59-46
21955A6602,07-59-46
21955A6602,07-59-46
21955A6602,07-59-46
21955A6602,07-59-46
20951A6637,07-59-46
21955A6602,07-59-46
21955A6602,07-59-46
21955A6602,07-59-46
21955A6602,07-59-46
21955A6602,07-59-46
21955A6602,07-59-46
21955A6602,07-59-46
21955A6602,07-59-46
21955A6602,07-59-46
20951A6655,07-59-46
21955A6602,07-59-46
21955A6602,07-59-46
21955A6602,07-59-46
21955A6602,07-59-46
21955A6602,07-59-46
21955A6602,07-59-46
21955A6602,07-59-46
21955A6602,07-59-46
21955A6602,07-59-46
21955A6602,07-59-46
21955A6602,07-59-46
21955A6602,07-59-46
21955A6602,07-59-46
21955A6602,07-59-46
21955A6602,07-59-46
21955A6602,07-59-46
21955A6602,07-59-46
21955A6602,07-59-46
21955A6602,07-59-46
21955A6602,07-59-46
21955A6602,07-59-46
21955A6602,07-59-46
21955A6602,07-59-46
21955A6604,07-59-46
21955A6602,07-59-46
21955A6602,07-59-46
21955A6602,07-59-46
21955A6602,07-59-46
20951A6651,07-59-46
20951A6651,07-59-46
20951A6651,07-59-46
20951A6651,07-59-46
20951A6651,07-59-46
20951A6651,07-59-46
20951A6651,07-59-46
20951A6651,07-59-46
20951A6651,07-59-46
20951A6655,07-59-46
20951A6655,07-59-46
20951A6651,07-59-46
20951A6651,07-59-46
20951A6651,07-59-46
20951A6651,07-59-46
20951A6651,07-59-46
20951A6657,07-59-46
20951A6657,07-59-46
20951A6657,07-59-46
20951A6657,07-59-46
20951A6651,07-59-46
20951A6657,07-59-46
20951A6657,07-59-46
20951A6657,07-59-46
20951A6657,07-59-46
21955A6604,07-59-46
20951A6657,07-59-46
21955A6602,07-59-46
21955A6604,07-59-46
21955A6604,07-59-46
20951A6657,07-59-46
20951A6657,07-59-46
21955A6604,07-59-46
21955A6602,07-59-46
21955A6602,07-59-46
21955A6604,07-59-46
20951A6657,07-59-46
20951A6657,07-59-46
21955A6602,07-59-46
21955A6602,07-59-46
21955A6602,07-59-46
21955A6602,07-59-46
21955A6602,07-59-46
21955A6602,07-59-46
21955A6602,07-59-46
21955A6602,07-59-46
21955A6602,07-59-46
21955A6602,07-59-46
21955A6602,07-59-46
21955A6602,07-59-46
21955A6602,07-59-46
21955A6602,07-59-46
21955A6602,07-59-46
21955A6602,07-59-46
21955A6602,07-59-46
21955A6602,07-59-46
21955A6602,07-59-46
21955A6602,07-59-46
21955A6602,07-59-46
21955A6602,07-59-46
21955A6602,07-59-46
21955A6602,07-59-46
21955A6602,07-59-46
21955A6602,07-59-46
21955A6602,07-59-46
21955A6602,07-59-46
21955A6602,07-59-46
21955A6602,07-59-46
21955A6602,07-59-46
21955A6602,07-59-46
21955A6602,07-59-46
21955A6602,07-59-46
21955A6602,07-59-46
21955A6602,07-59-46
21955A6602,07-59-46
21955A6602,07-59-46
21955A6602,07-59-46
21955A6602,07-59-46
21955A6602,07-59-46
21955A6602,07-59-46
21955A6602,07-59-46
21955A6602,07-59-46
21955A6602,07-59-46
21955A6602,07-59-46
21955A6602,07-59-46
21955A6602,07-59-46
21955A6602,07-59-46
20951A6637,07-59-46
20951A6657,07-59-46
21955A6602,07-59-46
20951A6657,07-59-46
20951A6657,07-59-46
21955A6602,07-59-46
21955A6602,07-59-46
20951A6657,07-59-46
20951A6657,07-59-46
20951A6657,07-59-46
21955A6602,07-59-46
21955A6602,07-59-46
21955A6602,07-59-46
21955A6602,07-59-46
20951A6657,07-59-46
20951A6657,07-59-46
21955A6602,07-59-46
20951A6657,07-59-46
21955A6602,07-59-46
21955A6602,07-59-46
21955A6602,07-59-46
21955A6602,07-59-46
21955A6602,07-59-46
21955A6602,07-59-46
20951A6657,07-59-46
21955A6602,07-59-46
21955A6602,07-59-46
21955A6602,07-59-46
21955A6602,07-59-46
21955A6602,07-59-46
21955A6602,07-59-46
21955A6602,07-59-46
21955A6602,07-59-46
21955A6602,07-59-46
21955A6602,07-59-46
21955A6602,07-59-46
21955A6602,07-59-46
21955A6602,07-59-46
21955A6602,07-59-46
21955A6602,07-59-46
21955A6602,07-59-46
21955A6602,07-59-46
21955A6602,07-59-46
20951A6657,07-59-46
20951A6657,07-59-46
21955A6602,07-59-46
20951A6657,07-59-46
20951A6657,07-59-46
20951A6657,07-59-46
20951A6657,07-59-46
20951A6657,07-59-46
20951A6657,07-59-46
20951A6657,07-59-46
20951A6657,07-59-46
20951A6657,07-59-46
20951A6657,07-59-46
20951A6657,07-59-46
20951A6657,07-59-46
21955A6602,07-59-46
20951A6657,07-59-46
21955A6602,07-59-46
21955A6602,07-59-46
21955A6602,07-59-46
21955A6602,07-59-46
21955A6602,07-59-46
21955A6602,07-59-46
21955A6602,07-59-46
21955A6602,07-59-46
21955A6602,07-59-46
21955A6602,07-59-46
21955A6602,07-59-46
21955A6602,07-59-46
20951A6657,07-59-46
20951A6657,07-59-46
20951A6657,07-59-46
21955A6602,07-59-46
21955A6602,07-59-46
21955A6602,07-59-46
21955A6602,07-59-46
20951A6657,07-59-46
20951A6657,07-59-46
20951A6657,07-59-46
21955A6602,07-59-46
21955A6602,07-59-46
20951A6637,07-59-46
20951A6655,07-59-46
21955A6602,07-59-46
21955A6602,07-59-46
21955A6602,07-59-46
20951A6655,07-59-46
21955A6602,07-59-46
20951A6655,07-59-46
21955A6602,07-59-46
21955A6602,07-59-46
21955A6602,07-59-46
20951A6655,07-59-46
21955A6602,07-59-46
21955A6602,07-59-46
21955A6602,07-59-46
21955A6602,07-59-46
21955A6602,07-59-46
21955A6602,07-59-46
20951A6655,07-59-46
20951A6655,07-59-46
20951A6655,07-59-46
20951A6655,07-59-46
21955A6602,07-59-46
20951A6655,07-59-46
21955A6602,07-59-46
20951A6655,07-59-46
20951A6655,07-59-46
20951A6655,07-59-46
20951A6655,07-59-46
21955A6602,07-59-46
21955A6602,07-59-46
21955A6602,07-59-46
21955A6602,07-59-46
20951A6655,07-59-46
20951A6655,07-59-46
20951A6613,07-59-46
21955A6602,07-59-46
20951A6655,07-59-46
20951A6655,07-59-46
20951A6655,07-59-46
20951A6655,07-59-46
20951A6655,07-59-46
20951A6655,07-59-46
20951A6655,07-59-46
20951A6655,07-59-46
20951A6655,07-59-46
21955A6602,07-59-46
20951A6655,07-59-46
21955A6602,07-59-46
21955A6602,07-59-46
20951A6655,07-59-46
20951A6655,07-59-46
20951A6655,07-59-46
21955A6604,07-59-46
20951A6655,07-59-46
20951A6613,07-59-46
21955A6602,07-59-46
21955A6602,07-59-46
20951A6655,07-59-46
20951A6655,07-59-46
20951A6655,07-59-46
20951A6655,07-59-46
20951A6655,07-59-46
20951A6655,07-59-46
20951A6655,07-59-46
20951A6655,07-59-46
21955A6604,07-59-46
21955A6604,07-59-46
21955A6602,07-59-46
21955A6604,07-59-46
21955A6604,07-59-46
21955A6604,07-59-46
20951A6655,07-59-46
20951A6655,07-59-46
21955A6602,07-59-46
21955A6602,07-59-46
20951A6655,07-59-46
20951A6655,07-59-46
20951A6655,07-59-46
20951A6655,07-59-46
21955A6602,07-59-46
20951A6655,07-59-46
20951A6655,07-59-46
20951A6655,07-59-46
20951A6655,07-59-46
21955A6602,07-59-46
20951A6655,07-59-46
21955A6602,07-59-46
21955A6602,07-59-46
21955A6604,07-59-46
21955A6602,07-59-46
21955A6604,07-59-46
21955A6604,07-59-46
21955A6602,07-59-46
21955A6602,07-59-46
21955A6602,07-59-46
21955A6602,07-59-46
21955A6602,07-59-46
21955A6602,07-59-46
21955A6602,07-59-46
21955A6602,07-59-46
21955A6602,07-59-46
21955A6602,07-59-46
21955A6602,07-59-46
21955A6602,07-59-46
21955A6602,07-59-46
21955A6604,07-59-46
21955A6604,07-59-46
21955A6604,07-59-46
21955A6604,07-59-46
21955A6602,07-59-46
21955A6604,07-59-46
20951A6657,07-59-46
21955A6602,07-59-46
21955A6602,07-59-46
21955A6602,07-59-46
21955A6602,07-59-46
21955A6602,07-59-46
21955A6602,07-59-46
21955A6602,07-59-46
21955A6602,07-59-46
21955A6602,07-59-46
21955A6602,07-59-46
21955A6602,07-59-46
21955A6602,07-59-46
20951A6651,07-59-46
21955A6602,07-59-46
21955A6602,07-59-46
21955A6602,07-59-46
21955A6602,07-59-46
21955A6602,07-59-46
21955A6602,07-59-46
21955A6602,07-59-46
21955A6602,07-59-46
21955A6602,07-59-46
21955A6602,07-59-46
21955A6602,07-59-46
21955A6602,07-59-46
21955A6602,07-59-46
21955A6602,07-59-46
21955A6602,07-59-46
21955A6602,07-59-46
21955A6602,07-59-46
21955A6602,07-59-46
21955A6602,07-59-46
21955A6602,07-59-46
21955A6602,07-59-46
21955A6602,07-59-46
21955A6602,07-59-46
21955A6602,07-59-46
21955A6602,07-59-46
21955A6602,07-59-46
21955A6602,07-59-46
21955A6602,07-59-46
21955A6602,07-59-46
20951A6637,07-59-46
20951A6637,07-59-46
21955A6602,07-59-46
21955A6602,07-59-46
20951A6637,07-59-46
21955A6602,07-59-46
21955A6602,07-59-46
21955A6602,07-59-46
21955A6602,07-59-46
20951A6637,07-59-46
21955A6602,07-59-46
20951A6637,07-59-46
20951A6637,07-59-46
21955A6602,07-59-46
21955A6602,07-59-46
20951A6637,07-59-46
21955A6602,07-59-46
21955A6602,07-59-46
21955A6602,07-59-46
21955A6602,07-59-46
21955A6602,07-59-46
21955A6602,07-59-46
21955A6602,07-59-46
21955A6602,07-59-46
21955A6602,07-59-46
21955A6602,07-59-46
21955A6602,07-59-46
21955A6602,07-59-46
21955A6602,07-59-46
21955A6602,07-59-46
21955A6602,07-59-46
21955A6602,07-59-46
21955A6602,07-59-46
21955A6602,07-59-46
21955A6602,07-59-46
21955A6602,07-59-46
21955A6602,07-59-46
21955A6602,07-59-46
21955A6602,07-59-46
21955A6602,07-59-46
21955A6602,07-59-46
21955A6602,07-59-46
21955A6602,07-59-46
21955A6602,07-59-46
21955A6602,07-59-46
21955A6602,07-59-46
21955A6602,07-59-46
21955A6602,07-59-46
21955A6602,07-59-46
21955A6602,07-59-46
21955A6602,07-59-46
21955A6602,07-59-46
21955A6602,07-59-46
21955A6602,07-59-46
21955A6602,07-59-46
21955A6602,07-59-46
21955A6602,07-59-46
21955A6602,07-59-46
21955A6602,07-59-46
21955A6602,07-59-46
21955A6602,07-59-46
21955A6602,07-59-46
21955A6602,07-59-46
21955A6602,07-59-46
21955A6602,07-59-46
21955A6602,07-59-46
20951A6613,07-59-46
21955A6602,07-59-46
21955A6602,07-59-46
21955A6602,07-59-46
21955A6602,07-59-46
21955A6602,07-59-46
21955A6602,07-59-46
21955A6602,07-59-46
21955A6602,07-59-46
21955A6602,07-59-46
21955A6602,07-59-46
21955A6602,07-59-46
21955A6602,07-59-46
21955A6602,07-59-46
21955A6602,07-59-46
21955A6602,07-59-46
21955A6602,07-59-46
21955A6602,07-59-46
21955A6602,07-59-46
21955A6602,07-59-46
21955A6602,07-59-46
21955A6602,07-59-46
21955A6602,07-59-46
21955A6602,07-59-46
21955A6602,07-59-46
21955A6602,07-59-46
21955A6602,07-59-46
21955A6602,07-59-46
21955A6604,07-59-46
21955A6602,07-59-46
21955A6604,07-59-46
21955A6602,07-59-46
21955A6604,07-59-46
21955A6602,07-59-46
20951A6655,07-59-46
20951A6655,07-59-46
21955A6602,07-59-46
21955A6602,07-59-46
21955A6602,07-59-46
20951A6613,07-59-46
20951A6643,07-59-46
21955A6602,07-59-46
21955A6602,07-59-46
21955A6602,07-59-46
20951A6651,07-59-46
21955A6602,07-59-46
21955A6602,07-59-46
21955A6602,07-59-46
21955A6602,07-59-46
21955A6602,07-59-46
21955A6602,07-59-46
21955A6602,07-59-46
21955A6602,07-59-46
21955A6602,07-59-46
20951A6613,07-59-46
21955A6602,07-59-46
21955A6602,07-59-46
21955A6602,07-59-46
21955A6602,07-59-46
21955A6602,07-59-46
21955A6604,07-59-46
21955A6602,07-59-46
21955A6602,07-59-46
21955A6604,07-59-46
21955A6604,07-59-46
21955A6602,07-59-46
21955A6604,07-59-46
21955A6604,07-59-46
21955A6604,07-59-46
21955A6604,07-59-46
21955A6604,07-59-46
21955A6604,07-59-46
21955A6604,07-59-46
21955A6604,07-59-46
21955A6604,07-59-46
21955A6604,07-59-46
21955A6604,07-59-46
21955A6604,07-59-46
21955A6604,07-59-46
21955A6604,07-59-46
21955A6604,07-59-46
21955A6604,07-59-46
21955A6604,07-59-46
21955A6604,07-59-46
21955A6604,07-59-46
21955A6604,07-59-46
21955A6604,07-59-46
21955A6604,07-59-46
21955A6604,07-59-46
21955A6604,07-59-46
21955A6604,07-59-46
21955A6604,07-59-46
21955A6604,07-59-46
21955A6604,07-59-46
21955A6604,07-59-46
21955A6604,07-59-46
21955A6602,07-59-46
21955A6604,07-59-46
21955A6604,07-59-46
21955A6604,07-59-46
21955A6604,07-59-46
21955A6604,07-59-46
21955A6604,07-59-46
21955A6604,07-59-46
21955A6604,07-59-46
21955A6604,07-59-46
21955A6604,07-59-46
21955A6604,07-59-46
21955A6604,07-59-46
21955A6604,07-59-46
21955A6602,07-59-46
21955A6604,07-59-46
21955A6604,07-59-46
21955A6604,07-59-46
21955A6604,07-59-46
21955A6604,07-59-46
21955A6604,07-59-46
21955A6602,07-59-46
21955A6602,07-59-46
21955A6602,07-59-46
21955A6602,07-59-46
21955A6604,07-59-46
21955A6604,07-59-46
21955A6604,07-59-46
21955A6604,07-59-46
21955A6604,07-59-46
21955A6604,07-59-46
21955A6602,07-59-46
21955A6602,07-59-46
21955A6604,07-59-46
21955A6602,07-59-46
21955A6602,07-59-46
21955A6602,07-59-46
21955A6602,07-59-46
21955A6602,07-59-46
21955A6602,07-59-46
21955A6602,07-59-46
21955A6602,07-59-46
21955A6602,07-59-46
21955A6602,07-59-46
21955A6602,07-59-46
21955A6602,07-59-46
21955A6602,07-59-46
21955A6602,07-59-46
21955A6602,07-59-46
